<?xml version="1.0" encoding="UTF-8"?>
<project-private xmlns="http://www.netbeans.org/ns/project-private/1">
    <editor-bookmarks xmlns="http://www.netbeans.org/ns/editor-bookmarks/2" lastBookmarkId="0"/>
    <open-files xmlns="http://www.netbeans.org/ns/projectui-open-files/2">
        <group>
            <file>file:/C:/Users/erick/Desktop/LECCION_3_5/Input04/src/input04/Level05.txt</file>
            <file>file:/C:/Users/erick/Desktop/LECCION_3_5/Input04/src/input04/input04text.txt</file>
            <file>file:/C:/Users/erick/Desktop/LECCION_3_5/Input04/src/input04/Input04.java</file>
        </group>
    </open-files>
</project-private>
